<?xml version="1.0" encoding="UTF-8"?>
<project-private xmlns="http://www.netbeans.org/ns/project-private/1">
    <editor-bookmarks xmlns="http://www.netbeans.org/ns/editor-bookmarks/2" lastBookmarkId="0"/>
    <open-files xmlns="http://www.netbeans.org/ns/projectui-open-files/2">
        <group>
            <file>file:/C:/Users/user/Documents/crie%20as%20hibernate%20do%20bean/prova%20do%20marcos/SistemaJuanGomez-main/src/dao/VendaDAO.java</file>
            <file>file:/C:/Users/user/Documents/crie%20as%20hibernate%20do%20bean/prova%20do%20marcos/SistemaJuanGomez-main/src/jjm_view/Jjm_JDlgVendasProdutos.java</file>
            <file>file:/C:/Users/user/Documents/crie%20as%20hibernate%20do%20bean/prova%20do%20marcos/SistemaJuanGomez-main/src/jjm_view/JDlgClientesPesquisar.java</file>
            <file>file:/C:/Users/user/Documents/crie%20as%20hibernate%20do%20bean/prova%20do%20marcos/SistemaJuanGomez-main/src/jjm_view/JDlgVendasPesquisar.java</file>
            <file>file:/C:/Users/user/Documents/crie%20as%20hibernate%20do%20bean/prova%20do%20marcos/SistemaJuanGomez-main/src/jjm_view/Jjm_JDlgVenda.java</file>
            <file>file:/C:/Users/user/Documents/crie%20as%20hibernate%20do%20bean/prova%20do%20marcos/SistemaJuanGomez-main/src/jjm_view/JDlgUsuariosPesquisar.java</file>
            <file>file:/C:/Users/user/Documents/crie%20as%20hibernate%20do%20bean/prova%20do%20marcos/SistemaJuanGomez-main/src/jjm_view/Jjm_JDlgUsuarios.java</file>
            <file>file:/C:/Users/user/Documents/crie%20as%20hibernate%20do%20bean/prova%20do%20marcos/SistemaJuanGomez-main/src/bean/JjmVenda.java</file>
        </group>
    </open-files>
</project-private>
